,0,0,0,0,0,1,1,1,1,1,2,2,2,2,2,3,3,3,3,3,4,4,4,4,4,5,5,5,5,5,6,6,6,6,6,7,7,7,7,7,8,8,8,8,8,9,9,9,9,9,10,10,10,10,10,11,11,11,11,11,12,12,12,12,12,13,13,13,13,13,14,14,14,14,14,15,15,15,15,15
,kwcor,diacor,heightcor,packcostcor,surfAcor,kwcor,diacor,heightcor,packcostcor,surfAcor,kwcor,diacor,heightcor,packcostcor,surfAcor,kwcor,diacor,heightcor,packcostcor,surfAcor,kwcor,diacor,heightcor,packcostcor,surfAcor,kwcor,diacor,heightcor,packcostcor,surfAcor,kwcor,diacor,heightcor,packcostcor,surfAcor,kwcor,diacor,heightcor,packcostcor,surfAcor,kwcor,diacor,heightcor,packcostcor,surfAcor,kwcor,diacor,heightcor,packcostcor,surfAcor,kwcor,diacor,heightcor,packcostcor,surfAcor,kwcor,diacor,heightcor,packcostcor,surfAcor,kwcor,diacor,heightcor,packcostcor,surfAcor,kwcor,diacor,heightcor,packcostcor,surfAcor,kwcor,diacor,heightcor,packcostcor,surfAcor,kwcor,diacor,heightcor,packcostcor,surfAcor
0,1,1,1,1,1,1,1,1,1,1,0.98,1.02,1.02,1.02,0.98,1,1,1,1,1,1.0,1.0,1.0,1.0,1.0,0.98,1.02,1.02,1.02,1.02,1,1,1,1,1,1,1,1,1,1,1,1,1,1,1,1,1,1,1,1,0.98,1.02,1.02,1.02,1.02,1,1,1,1,1,1,1,1,1,1,0.98,1.02,1.02,1.02,1.02,1,1,1,1,1,1,1,1,1,1
1,1,1,1,1,1,1,1,1,1,1,0.9603999999999999,1.0404,1.0404,1.0404,0.9603999999999999,1,1,1,1,1,1.0,1.0,1.0,1.0,1.0,0.9603999999999999,1.0404,1.0404,1.0404,1.0404,1,1,1,1,1,1,1,1,1,1,1,1,1,1,1,1,1,1,1,1,0.98,1.02,1.02,1.02,1.02,1,1,1,1,1,1,1,1,1,1,0.9603999999999999,1.0404,1.0404,1.0404,1.0404,1,1,1,1,1,1,1,1,1,1
2,1,1,1,1,1,1,1,1,1,1,0.9411919999999999,1.061208,1.061208,1.0462740308578116,0.9411919999999999,1,1,1,1,1,1.0,1.0,1.0,1.0,1.0,0.9411919999999999,1.061208,1.061208,1.061208,1.061208,1,1,1,1,1,1,1,1,1,1,1,1,1,1,1,1,1,1,1,1,0.98,1.02,1.02,1.02,1.02,1,1,1,1,1,1,1,1,1,1,0.9411919999999999,1.061208,1.061208,1.061208,1.061208,1,1,1,1,1,1,1,1,1,1
3,1,1,1,1,1,1,1,1,1,1,0.9223681599999999,1.08243216,1.08243216,1.0462733904646115,0.9223681599999999,1,1,1,1,1,1.0,1.0,1.0,1.0,1.0,0.9223681599999999,1.08243216,1.08243216,1.08243216,1.08243216,1,1,1,1,1,1,1,1,1,1,1,1,1,1,1,1,1,1,1,1,0.98,1.02,1.02,1.02,1.02,1,1,1,1,1,1,1,1,1,1,0.9223681599999999,1.08243216,1.08243216,1.08243216,1.08243216,1,1,1,1,1,1,1,1,1,1
4,1,1,1,1,1,1,1,1,1,1,0.9039207967999998,1.1040808032,1.1040808032,1.047471556277251,0.9039207967999998,1,1,1,1,1,1.0,1.0,1.0,1.0,1.0,0.9039207967999998,1.1040808032,1.1040808032,1.1040808032,1.1040808032,1,1,1,1,1,1,1,1,1,1,1,1,1,1,1,1,1,1,1,1,0.9603999999999999,1.0404,1.0404,1.0404,1.0404,1,1,1,1,1,1,1,1,1,1,0.9039207967999998,1.1040808032,1.1040808032,1.1040808032,1.1040808032,1,1,1,1,1,1,1,1,1,1
5,1,1,1,1,1,1,1,1,1,1,0.8858423808639998,1.126162419264,1.126162419264,1.0462224328084133,0.8951096172949046,1,1,1,1,1,1.0,1.0,1.0,1.0,1.0,0.8858423808639998,1.126162419264,1.126162419264,1.126162419264,1.126162419264,1,1,1,1,1,1,1,1,1,1,1,1,1,1,1,1,1,1,1,1,0.9411919999999999,1.061208,1.061208,1.061208,1.061208,1,1,1,1,1,1,1,1,1,1,0.8858423808639998,1.126162419264,1.126162419264,1.126162419264,1.126162419264,1,1,1,1,1,1,1,1,1,1
6,1,1,1,1,1,1,1,1,1,1,0.8681255332467198,1.14868566764928,1.14868566764928,1.0462733904642687,0.8952078998217466,1,1,1,1,1,1.0,1.0,1.0,1.0,1.0,0.8681255332467198,1.14868566764928,1.14868566764928,1.1479998523347765,1.1359878019694036,1,1,1,1,1,1,1,1,1,1,1,1,1,1,1,1,1,1,1,1,0.9223681599999999,1.08243216,1.08243216,1.08243216,1.08243216,1,1,1,1,1,1,1,1,1,1,0.8681255332467198,1.1332400885688003,1.14868566764928,1.14868566764928,1.14868566764928,1,1,1,1,1,1,1,1,1,1
7,1,1,1,1,1,1,1,1,1,1,0.8507630225817854,1.1716593810022657,1.1716593810022657,1.0462675368445615,0.8951966089692052,1,1,1,1,1,1.0,1.0,1.0,1.0,1.0,0.8507630225817854,1.1716593810022657,1.1716593810022657,1.147999381404596,1.1359864321522197,1,1,1,1,1,1,1,1,1,1,1,1,1,1,1,1,1,1,1,1,0.9039207967999998,1.1040808032,1.1040808032,1.1040808032,1.1040808032,1,1,1,1,1,1,1,1,1,1,0.8507630225817854,1.133240091296312,1.1716593810022657,1.1716593810022657,1.1716593810022657,1,1,1,1,1,1,1,1,1,1
8,1,1,1,1,1,1,1,1,1,1,0.8337477621301497,1.195092568622311,1.195092568622311,1.0462730980663375,0.8952073358191703,1,1,1,1,1,1.0,1.0,1.0,1.0,1.0,0.8337477621301497,1.195092568622311,1.195092568622311,1.1479997622357314,1.1359875398947303,1,1,1,1,1,1,1,1,1,1,1,1,1,1,1,1,1,1,1,1,0.8858423808639998,1.126162419264,1.126162419264,1.126162419264,1.126162419264,1,1,1,1,1,1,1,1,1,1,0.8337477621301497,1.1332400912465026,1.195092568622311,1.195092568622311,1.195092568622311,1,1,1,1,1,1,1,1,1,1
9,1,1,1,1,1,1,1,1,1,1,0.8170728068875467,1.2189944199947573,1.2189944199947573,1.0462732104646528,0.8952075526228219,1,1,1,1,1,1.0,1.0,1.0,1.0,1.0,0.8170728068875467,1.2189944199947573,1.2189944199947573,1.1479996892635103,1.1359873276372647,1,1,1,1,1,1,1,1,1,1,1,1,1,1,1,1,1,1,1,1,0.8681255332467198,1.14868566764928,1.14868566764928,1.14868566764928,1.14868566764928,1,1,1,1,1,1,1,1,1,1,0.8170728068875467,1.1332400912399268,1.2189944199947573,1.2189944199947573,1.2189944199947573,1,1,1,1,1,1,1,1,1,1
10,1,1,1,1,1,1,1,1,1,1,0.8007313507497957,1.2433743083946525,1.2433743083946525,1.0481047641090702,0.898752124150146,1,1,1,1,1,1.0,1.0,1.0,1.0,1.0,0.8007313507497957,1.2433743083946525,1.2433743083946525,1.1479996892639446,1.1359873276385284,1,1,1,1,1,1,1,1,1,1,1,1,1,1,1,1,1,1,1,1,0.8507630225817854,1.1544797291640498,1.1716593810022657,1.1716593810022657,1.1716593810022657,1,1,1,1,1,1,1,1,1,1,0.8007313507497957,1.1332400938058322,1.2433743083946525,1.2433743083946525,1.2433743083946525,1,1,1,1,1,1,1,1,1,1
11,1,1,1,1,1,1,1,1,1,1,0.7847167237347998,1.2682417945625455,1.2682417945625455,1.0462737908028434,0.8952086720301877,1,1,1,1,1,1.0,1.0,1.0,1.0,1.0,0.7847167237347998,1.2682417945625455,1.2682417945625455,1.1479997817385734,1.1359875966234594,1,1,1,1,1,1,1,1,1,1,1,1,1,1,1,1,1,1,1,1,0.8337477621301497,1.1544792322468085,1.195092568622311,1.195092568622311,1.195092568622311,1,1,1,1,1,1,1,1,1,1,0.7847167237347998,1.1332400912939393,1.2682417945625455,1.2682417945625455,1.2682417945625455,1,1,1,1,1,1,1,1,1,1
12,1,1,1,1,1,1,1,1,1,1,0.7690223892601038,1.2936066304537963,1.2936066304537963,1.046273390464334,0.895207899821872,1,1,1,1,1,1.0,1.0,1.0,1.0,1.0,0.7690223892601038,1.2936066304537963,1.2936066304537963,1.1479997935917472,1.1359876311012715,1,1,1,1,1,1,1,1,1,1,1,1,1,1,1,1,1,1,1,1,0.8170728068875467,1.1544794918827734,1.2189944199947573,1.2189944199947573,1.2189944199947573,1,1,1,1,1,1,1,1,1,1,0.7690223892601038,1.1332400912941034,1.2936066304537963,1.2936066304537963,1.2936066304537963,1,1,1,1,1,1,1,1,1,1
13,1,1,1,1,1,1,1,1,1,1,0.7536419414749017,1.3194787630628724,1.3194787630628724,1.0462732906545575,0.8952077073007615,1,1,1,1,1,1.0,1.0,1.0,1.0,1.0,0.7536419414749017,1.3194787630628724,1.3194787630628724,1.1479996892637772,1.1359873276380412,1,1,1,1,1,1,1,1,1,1,1,1,1,1,1,1,1,1,1,1,0.8007313507497957,1.1544794851353941,1.2433743083946525,1.2433743083946525,1.2433743083946525,1,1,1,1,1,1,1,1,1,1,0.7536419414749017,1.133240086666825,1.3194787630628724,1.3194787630628724,1.3194787630628724,1,1,1,1,1,1,1,1,1,1
14,1,1,1,1,1,1,1,1,1,1,0.7385691026454037,1.3458683383241299,1.3458683383241299,1.0462569226921137,0.895176136293271,1,1,1,1,1,1.0,1.0,1.0,1.0,1.0,0.7385691026454037,1.3458683383241299,1.3458683383241299,1.1479996892639635,1.1359873276385832,1,1,1,1,1,1,1,1,1,1,1,1,1,1,1,1,1,1,1,1,0.7847167237347998,1.1544786270386815,1.2682417945625455,1.2682417945625455,1.2682417945625455,1,1,1,1,1,1,1,1,1,1,0.7385691026454037,1.1332400914338339,1.3458683383241299,1.3458683383241299,1.3458683383241299,1,1,1,1,1,1,1,1,1,1
15,1,1,1,1,1,1,1,1,1,1,0.7237977205924956,1.3727857050906125,1.3727857050906125,1.0253317842382714,0.8772726135674055,1,1,1,1,1,1.0,1.0,1.0,1.0,1.0,0.7237977205924956,1.3727857050906125,1.3727857050906125,1.1479996892641287,1.1359873276390628,1,1,1,1,1,1,1,1,1,1,1,1,1,1,1,1,1,1,1,1,0.7690223892601038,1.1544794701845484,1.2936066304537963,1.2936066304537963,1.2936066304537963,1,1,1,1,1,1,1,1,1,1,0.7237977205924956,1.1332400914739207,1.3727857050906125,1.3727857050906125,1.3727857050906125,1,1,1,1,1,1,1,1,1,1
16,1,1,1,1,1,1,1,1,1,1,0.7093217661806457,1.4002414191924248,1.4002414191924248,1.0458384199230368,0.8948180658387536,1,1,1,1,1,1.0,1.0,1.0,1.0,1.0,0.7093217661806457,1.4002414191924248,1.4002414191924248,1.1479998035766876,1.1359876601445935,1,1,1,1,1,1,1,1,1,1,1,1,1,1,1,1,1,1,1,1,0.7536419414749017,1.154479454485954,1.3194787630628724,1.3194787630628724,1.3194787630628724,1,1,1,1,1,1,1,1,1,1,0.7093217661806457,1.1332400923517283,1.4002414191924248,1.3981402965940852,1.4002414191924248,1,1,1,1,1,1,1,1,1,1
17,1,1,1,1,1,1,1,1,1,1,0.6951353308570327,1.4282462475762734,1.4282462475762734,1.046273390464325,0.8952078998218549,1,1,1,1,1,1.0,1.0,1.0,1.0,1.0,0.6951353308570327,1.4282462475762734,1.4282462475762734,1.147999837121192,1.135987757717102,1,1,1,1,1,1,1,1,1,1,1,1,1,1,1,1,1,1,1,1,0.7385691026454037,1.1544794272200816,1.3458683383241299,1.3458683383241299,1.3458683383241299,1,1,1,1,1,1,1,1,1,1,0.6951353308570327,1.133240091565151,1.4282462475762734,1.3981402951331703,1.4282462475762734,1,1,1,1,1,1,1,1,1,1
18,1,1,1,1,1,1,1,1,1,1,0.6812326242398921,1.4568111725277988,1.4568111725277988,1.0462704986771656,0.8952023219201716,1,1,1,1,1,1.0,1.0,1.0,1.0,1.0,0.6812326242398921,1.4568111725277988,1.4568111725277988,1.1479996858786978,1.1359873177916975,1,1,1,1,1,1,1,1,1,1,1,1,1,1,1,1,1,1,1,1,0.7237977205924956,1.1544794918859742,1.3727857050906125,1.3727857050906125,1.3727857050906125,1,1,1,1,1,1,1,1,1,1,0.6812326242398921,1.1332400916187522,1.4568111725277988,1.3981402952329571,1.4568111725277988,1,1,1,1,1,1,1,1,1,1
19,1,1,1,1,1,1,1,1,1,1,0.6676079717550942,1.485947395978355,1.485947395978355,1.0462733904643644,0.8952078998219307,1,1,1,1,1,1.0,1.0,1.0,1.0,1.0,0.6676079717550942,1.485947395978355,1.485947395978355,1.1479996892637698,1.1359873276380195,1,1,1,1,1,1,1,1,1,1,1,1,1,1,1,1,1,1,1,1,0.7093217661806457,1.154479225398687,1.4002414191924248,1.4002414191924248,1.4002414191924248,1,1,1,1,1,1,1,1,1,1,0.6676079717550942,1.1332400917080845,1.485947395978355,1.3981402953980338,1.485947395978355,1,1,1,1,1,1,1,1,1,1
20,1,1,1,1,1,1,1,1,1,1,0.6542558123199923,1.515666343897922,1.515666343897922,1.046273105713763,0.8952073505701901,1,1,1,1,1,1.0,1.0,1.0,1.0,1.0,0.6542558123199923,1.515666343897922,1.515666343897922,1.1479996893271407,1.1359873278223478,1,1,1,1,1,1,1,1,1,1,1,1,1,1,1,1,1,1,1,1,0.6951353308570327,1.1544794788079475,1.4282462475762734,1.4282462475762734,1.4282462475762734,1,1,1,1,1,1,1,1,1,1,0.6542558123199923,1.1332400917769052,1.515666343897922,1.3981402954989537,1.515666343897922,1,1,1,1,1,1,1,1,1,1
21,1,1,1,1,1,1,1,1,1,1,0.6411706960735924,1.5459796707758806,1.5459796707758806,1.0462507811725192,0.8951642908278185,1,1,1,1,1,1.0,1.0,1.0,1.0,1.0,0.6411706960735924,1.5459796707758806,1.5459796707758806,1.1479996892639062,1.135987327638416,1,1,1,1,1,1,1,1,1,1,1,1,1,1,1,1,1,1,1,1,0.6812326242398921,1.1544794918951966,1.4568111725277988,1.4330345796899244,1.4568111725277988,1,1,1,1,1,1,1,1,1,1,0.6411706960735924,1.1332400922220993,1.5459796707758806,1.3981402963178773,1.5459796707758806,1,1,1,1,1,1,1,1,1,1
22,1,1,1,1,1,1,1,1,1,1,0.6283472821521205,1.5768992641913981,1.5768992641913981,1.0462733289855486,0.895207781235656,1,1,1,1,1,1.0,1.0,1.0,1.0,1.0,0.6283472821521205,1.5768992641913981,1.5768992641913981,1.147999837122594,1.135987757721181,1,1,1,1,1,1,1,1,1,1,1,1,1,1,1,1,1,1,1,1,0.6676079717550942,1.154479271358771,1.485947395978355,1.4330342583380296,1.485947395978355,1,1,1,1,1,1,1,1,1,1,0.6283472821521205,1.1332400919852723,1.5768992641913981,1.3981402958861633,1.5768992641913981,1,1,1,1,1,1,1,1,1,1
23,1,1,1,1,1,1,1,1,1,1,0.6157803365090782,1.6084372494752261,1.6084372494752261,1.046268508585323,0.8951984833114659,1,1,1,1,1,1.0,1.0,1.0,1.0,1.0,0.6157803365090782,1.6084372494752261,1.6084372494752261,1.1479996835350226,1.135987310974548,1,1,1,1,1,1,1,1,1,1,1,1,1,1,1,1,1,1,1,1,0.6542558123199923,1.1544794940779766,1.515666343897922,1.4330345795934052,1.515666343897922,1,1,1,1,1,1,1,1,1,1,0.6157803365090782,1.1332400919533923,1.6084372494752261,1.3981402958515832,1.6084372494752261,1,1,1,1,1,1,1,1,1,1
24,1,1,1,1,1,1,1,1,1,1,0.6034647297788965,1.6406059944647307,1.6406059944647307,1.0462515211637518,0.895165718071563,1,1,1,1,1,1.0,1.0,1.0,1.0,1.0,0.6034647297788965,1.6406059944647307,1.6406059944647307,1.1479995878771232,1.135987032729893,1,1,1,1,1,1,1,1,1,1,1,1,1,1,1,1,1,1,1,1,0.6411706960735924,1.154479464655358,1.5459796707758806,1.4330345392591504,1.5459796707758806,1,1,1,1,1,1,1,1,1,1,0.6034647297788965,1.1332400922228654,1.6406059944647307,1.3981402963463274,1.6406059944647307,1,1,1,1,1,1,1,1,1,1
25,1,1,1,1,1,1,1,1,1,1,0.5913954351833186,1.6734181143540252,1.6734181143540252,1.0462729597032985,0.8952070689325389,1,1,1,1,1,1.0,1.0,1.0,1.0,1.0,0.5913954351833186,1.6734181143540252,1.6734181143540252,1.1479996892637003,1.1359873276378183,1,1,1,1,1,1,1,1,1,1,1,1,1,1,1,1,1,1,1,1,0.6283472821521205,1.1544061819780207,1.5768992641913981,1.4329277065773802,1.5768992641913981,1,1,1,1,1,1,1,1,1,1,0.5913954351833186,1.1332400912220049,1.6734181143540252,1.398140294492901,1.6734181143540252,1,1,1,1,1,1,1,1,1,1
26,1,1,1,1,1,1,1,1,1,1,0.5795675264796523,1.7068864766411058,1.7068864766411058,1.0462513061853456,0.8951653034395546,1,1,1,1,1,1.0,1.0,1.0,1.0,1.0,0.5795675264796523,1.7068864766411058,1.7068864766411058,1.1479996892637796,1.1359873276380479,1,1,1,1,1,1,1,1,1,1,1,1,1,1,1,1,1,1,1,1,0.6157803365090782,1.1544794918828298,1.6084372494752261,1.433034579690491,1.6084372494752261,1,1,1,1,1,1,1,1,1,1,0.5795675264796523,1.1332400929686257,1.7068864766411058,1.3981402976966106,1.7068864766411058,1,1,1,1,1,1,1,1,1,1
27,1,1,1,1,1,1,1,1,1,1,0.5679761759500592,1.741024206173928,1.741024206173928,1.046273390464109,0.8952078998214381,1,1,1,1,1,1.0,1.0,1.0,1.0,1.0,0.5679761759500592,1.741024206173928,1.741024206173928,1.1479996892633335,1.1359873276367511,1,1,1,1,1,1,1,1,1,1,1,1,1,1,1,1,1,1,1,1,0.6034647297788965,1.15447644449526,1.6406059944647307,1.4330301383545534,1.6406059944647307,1,1,1,1,1,1,1,1,1,1,0.5679761759500592,1.133240092695096,1.741024206173928,1.3981402971966876,1.741024206173928,1,1,1,1,1,1,1,1,1,1
28,1,1,1,1,1,1,1,1,1,1,0.5566166524310581,1.7758446902974065,1.7758446902974065,1.0462733904346841,0.8952078997632983,1,1,1,1,1,1.0,1.0,1.0,1.0,1.0,0.5566166524310581,1.7758446902974065,1.7758446902974065,1.1479997622244908,1.1359875398620347,1,1,1,1,1,1,1,1,1,1,1,1,1,1,1,1,1,1,1,1,0.5913954351833186,1.1544861771364527,1.6734181143540252,1.4330443247010791,1.6734181143540252,1,1,1,1,1,1,1,1,1,1,0.5566166524310581,1.1332400926307038,1.7758446902974065,1.3981402970800565,1.7758446902974065,1,1,1,1,1,1,1,1,1,1
29,1,1,1,1,1,1,1,1,1,1,0.5454843193824369,1.8113615841033548,1.8113615841033548,1.046273390464989,0.8952078998231352,1,1,1,1,1,1.0,1.0,1.0,1.0,1.0,0.5454843193824369,1.8113615841033548,1.8113615841033548,1.1479997599168774,1.1359875331497822,1,1,1,1,1,1,1,1,1,1,1,1,1,1,1,1,1,1,1,1,0.5795675264796523,1.154479483006301,1.7068864766411058,1.4330345667631277,1.7068864766411058,1,1,1,1,1,1,1,1,1,1,0.5454843193824369,1.1332400925340294,1.8113615841033548,1.3981402969195897,1.8113615841033548,1,1,1,1,1,1,1,1,1,1
30,1,1,1,1,1,1,1,1,1,1,0.5345746329947881,1.847588815785422,1.847588815785422,1.0474717637531472,0.8975244352067561,1,1,1,1,1,1.0,1.0,1.0,1.0,1.0,0.5345746329947881,1.847588815785422,1.847588815785422,1.1480289247155582,1.1360723717602386,1,1,1,1,1,1,1,1,1,1,1,1,1,1,1,1,1,1,1,1,0.5679761759500592,1.1548231316477684,1.741024206173928,1.4335344215350572,1.741024206173928,1,1,1,1,1,1,1,1,1,1,0.5345746329947881,1.1332495349457203,1.847588815785422,1.3981576066430175,1.847588815785422,1,1,1,1,1,1,1,1,1,1
31,1,1,1,1,1,1,1,1,1,1,0.5238831403348924,1.8845405921011305,1.8845405921011305,1.04627113504959,0.8952035493993213,1,1,1,1,1,1.0,1.0,1.0,1.0,1.0,0.5238831403348924,1.8845405921011305,1.8845405921011305,1.147999837243539,1.1359877580729778,1,1,1,1,1,1,1,1,1,1,1,1,1,1,1,1,1,1,1,1,0.5566166524310581,1.154479492991937,1.7758446902974065,1.433034579641427,1.7758446902974065,1,1,1,1,1,1,1,1,1,1,0.5238831403348924,1.1332400930823212,1.8845405921011305,1.3981402979116817,1.8845405921011305,1,1,1,1,1,1,1,1,1,1
32,1,1,1,1,1,1,1,1,1,1,0.5134054775281945,1.9222314039431532,1.9222314039431532,1.0462732075883394,0.8952075470747385,1,1,1,1,1,1.0,1.0,1.0,1.0,1.0,0.5134054775281945,1.9222314039431532,1.9222314039431532,1.1479997623484233,1.1359875402225228,1,1,1,1,1,1,1,1,1,1,1,1,1,1,1,1,1,1,1,1,0.5454843193824369,1.15447946538906,1.8113615841033548,1.4330345410904541,1.8113615841033548,1,1,1,1,1,1,1,1,1,1,0.5134054775281945,1.1332401367322267,1.9222314039431532,1.3981403778251833,1.9222314039431532,1,1,1,1,1,1,1,1,1,1
33,1,1,1,1,1,1,1,1,1,1,0.5031373679776306,1.9606760320220162,1.9606760320220162,1.0462733913518376,0.8952079015337668,1,1,1,1,1,1.0,1.0,1.0,1.0,1.0,0.5031373679776306,1.9606760320220162,1.9606760320220162,1.1479996892635456,1.1359873276373675,1,1,1,1,1,1,1,1,1,1,1,1,1,1,1,1,1,1,1,1,0.5345746329947881,1.1544794909822889,1.847588815785422,1.4330345781233504,1.847588815785422,1,1,1,1,1,1,1,1,1,1,0.5031373679776306,1.1332400934377094,1.9606760320220162,1.3981402985652962,1.9606760320220162,1,1,1,1,1,1,1,1,1,1
34,1,1,1,1,1,1,1,1,1,1,0.493074620618078,1.9998895526624565,1.9998895526624565,1.046273389087553,0.8952078971662172,1,1,1,1,1,1.0,1.0,1.0,1.0,1.0,0.493074620618078,1.9998895526624565,1.9998895526624565,1.1479996892637612,1.1359873276379946,1,1,1,1,1,1,1,1,1,1,1,1,1,1,1,1,1,1,1,1,0.5238831403348924,1.1544794084623093,1.8845405921011305,1.4330344581295547,1.8845405921011305,1,1,1,1,1,1,1,1,1,1,0.493074620618078,1.1332400936265312,1.9998895526624565,1.3981402989124103,1.9998895526624565,1,1,1,1,1,1,1,1,1,1
35,1,1,1,1,1,1,1,1,1,1,0.48321312820571644,2.0398873437157055,2.0398873437157055,1.0474697191694986,0.8975204743375305,1,1,1,1,1,1.0,1.0,1.0,1.0,1.0,0.48321312820571644,2.0398873437157055,2.0398873437157055,1.1480290744439625,1.1360728073392072,1,1,1,1,1,1,1,1,1,1,1,1,1,1,1,1,1,1,1,1,0.5134054775281945,1.1548140894004533,1.9222314039431532,1.4335212933217945,1.9222314039431532,1,1,1,1,1,1,1,1,1,1,0.48321312820571644,1.1332495557578885,2.0398873437157055,1.398157644810479,2.0398873437157055,1,1,1,1,1,1,1,1,1,1
36,1,1,1,1,1,1,1,1,1,1,0.4735488656416021,2.08068509059002,2.08068509059002,1.044601144134386,0.8919920257586469,1,1,1,1,1,1.0,1.0,1.0,1.0,1.0,0.4735488656416021,2.08068509059002,2.08068509059002,1.1479997936694943,1.135987631327418,1,1,1,1,1,1,1,1,1,1,1,1,1,1,1,1,1,1,1,1,0.5031373679776306,1.154479263852395,1.9606760320220162,1.4330342474008102,1.9606760320220162,1,1,1,1,1,1,1,1,1,1,0.4735488656416021,1.1332400907822255,2.08068509059002,1.3981402954677469,2.08068509059002,1,1,1,1,1,1,1,1,1,1
37,1,1,1,1,1,1,1,1,1,1,0.46407788832877006,2.1222987924018204,2.1222987924018204,1.0462725565842128,0.8952062913637407,1,1,1,1,1,1.0,1.0,1.0,1.0,1.0,0.46407788832877006,2.1222987924018204,2.1222987924018204,1.1479997130171573,1.1359873967306235,1,1,1,1,1,1,1,1,1,1,1,1,1,1,1,1,1,1,1,1,0.493074620618078,1.1544794386309172,1.9998895526624565,1.433034500917846,1.9998895526624565,1,1,1,1,1,1,1,1,1,1,0.46407788832877006,1.1332400942783254,2.1222987924018204,1.3981403001098776,2.1222987924018204,1,1,1,1,1,1,1,1,1,1
38,1,1,1,1,1,1,1,1,1,1,0.45479633056219465,2.164744768249857,2.164744768249857,1.0462733263100705,0.8952077760754917,1,1,1,1,1,1.0,1.0,1.0,1.0,1.0,0.45479633056219465,2.164744768249857,2.164744768249857,1.147999689263783,1.1359873276380579,1,1,1,1,1,1,1,1,1,1,1,1,1,1,1,1,1,1,1,1,0.48321312820571644,1.1544791797520768,2.0398873437157055,1.4330341245871172,2.0398873437157055,1,1,1,1,1,1,1,1,1,1,0.45479633056219465,1.1332400945220045,2.164744768249857,1.3981403005573687,2.164744768249857,1,1,1,1,1,1,1,1,1,1
39,1,1,1,1,1,1,1,1,1,1,0.44570040395095073,2.208039663614854,2.208039663614854,1.0462733904639636,0.8952078998211576,1,1,1,1,1,1.0,1.0,1.0,1.0,1.0,0.44570040395095073,2.208039663614854,2.208039663614854,1.1479998371404039,1.1359877577729842,1,1,1,1,1,1,1,1,1,1,1,1,1,1,1,1,1,1,1,1,0.4735488656416021,1.1544794918972778,2.08068509059002,1.4330345796943729,2.08068509059002,1,1,1,1,1,1,1,1,1,1,0.44570040395095073,1.1332400911168703,2.208039663614854,1.398140294328235,2.208039663614854,1,1,1,1,1,1,1,1,1,1
40,1,1,1,1,1,1,1,1,1,1,0.4367863958719317,2.252200456887151,2.252200456887151,1.0462729804363098,0.8952071089241339,1,1,1,1,1,1.0,1.0,1.0,1.0,1.0,0.4367863958719317,2.252200456887151,2.252200456887151,1.1479997935909478,1.1359876310989465,1,1,1,1,1,1,1,1,1,1,1,1,1,1,1,1,1,1,1,1,0.46407788832877006,1.1545270476631246,2.1222987924018204,1.4331038624431227,2.1222987924018204,1,1,1,1,1,1,1,1,1,1,0.4367863958719317,1.1332400950961756,2.252200456887151,1.3981403016113914,2.252200456887151,1,1,1,1,1,1,1,1,1,1
41,1,1,1,1,1,1,1,1,1,1,0.42805066795449304,2.297244466024894,2.297244466024894,1.046270557247099,0.8952024348938268,1,1,1,1,1,1.0,1.0,1.0,1.0,1.0,0.42805066795449304,2.297244466024894,2.297244466024894,1.147999729420654,1.1359874444434586,1,1,1,1,1,1,1,1,1,1,1,1,1,1,1,1,1,1,1,1,0.45479633056219465,1.1546507143350795,2.164744768249857,1.4332838658367542,2.164744768249857,1,1,1,1,1,1,1,1,1,1,0.42805066795449304,1.133243680847706,2.297244466024894,1.3981468750267445,2.297244466024894,1,1,1,1,1,1,1,1,1,1
42,1,1,1,1,1,1,1,1,1,1,0.41948965459540316,2.343189355345392,2.343189355345392,1.025345146102157,0.8772983861959502,1,1,1,1,1,0.98,1.02,1.02,1.02,1.02,0.42805066795449304,2.297244466024894,2.297244466024894,1.147999729420654,1.1359874444434586,1,1,1,1,1,1,1,1,1,1,1,1,1,1,1,1,1,1,1,1,0.44570040395095073,1.1315577000483779,2.208039663614854,1.404618188520019,2.1214498728848596,1,1,1,1,1,1,1,1,1,1,0.41948965459540316,1.1105788072307519,2.343189355345392,1.3701839375262095,2.2512995767043957,1,1,1,1,1,1,1,1,1,1
43,1,1,1,1,1,1,1,1,1,1,0.4110998615034951,2.3900531424522997,2.3900531424522997,1.0458520490242003,0.8948443539198693,1,1,1,1,1,0.98,1.02,1.02,1.02,1.02,0.41948965459540316,2.343189355345392,2.343189355345392,1.1479997622528195,1.135987539944436,1,1,1,1,1,1,1,1,1,1,1,1,1,1,1,1,1,1,1,1,0.4367863958719317,1.1541888540493455,2.252200456887151,1.4327105522904195,2.1638788703425567,1,1,1,1,1,1,1,1,1,1,0.4110998615034951,1.132790383375367,2.3900531424522997,1.3975876162767338,2.2963255682384838,1,1,1,1,1,1,1,1,1,1
44,1,1,1,1,1,1,1,1,1,1,0.4028778642734252,2.437854205301346,2.437854205301346,1.0462733904415886,0.8952078997779974,1,1,1,1,1,0.98,1.02,1.02,1.02,1.02,0.4110998615034951,2.3900531424522997,2.3900531424522997,1.1479997821422496,1.1359875977976486,1,1,1,1,1,1,1,1,1,1,1,1,1,1,1,1,1,1,1,1,0.42805066795449304,1.1544789813298744,2.297244466024894,1.4330338354198835,2.2071564477494077,1,1,1,1,1,1,1,1,1,1,0.4028778642734252,1.1332401104301313,2.437854205301346,1.3981403297241355,2.3422520796032535,1,1,1,1,1,1,1,1,1,1
45,1,1,1,1,1,1,1,1,1,1,0.39482030698795667,2.4866112894073726,2.4866112894073726,1.0462733904643962,0.8952078998219916,1,1,1,1,1,0.98,1.02,1.02,1.02,1.02,0.4028778642734252,2.437854205301346,2.437854205301346,1.147999762282893,1.1359875400319113,1,1,1,1,1,1,1,1,1,1,1,1,1,1,1,1,1,1,1,1,0.41948965459540316,1.1544436379646401,2.343189355345392,1.43298232149511,2.2512995767043957,1,1,1,1,1,1,1,1,1,1,0.39482030698795667,1.1332400960333628,2.4866112894073726,1.398140303331359,2.3890971211953187,1,1,1,1,1,1,1,1,1,1
46,1,1,1,1,1,1,1,1,1,1,0.38692390084819756,2.53634351519552,2.53634351519552,1.0462733913910138,0.8952079016093326,1,1,1,1,1,0.98,1.02,1.02,1.02,1.02,0.39482030698795667,2.4866112894073726,2.4866112894073726,1.1479996892637505,1.1359873276379648,1,1,1,1,1,1,1,1,1,1,1,1,1,1,1,1,1,1,1,1,0.4110998615034951,1.1544794109343786,2.3900531424522997,1.4330344617177653,2.2963255682384838,1,1,1,1,1,1,1,1,1,1,0.38692390084819756,1.1332400962895417,2.53634351519552,1.3981403038015618,2.4368790636192252,1,1,1,1,1,1,1,1,1,1
47,1,1,1,1,1,1,1,1,1,1,0.3791854228312336,2.5870703854994304,2.5870703854994304,1.0462733904641164,0.8952078998214521,1,1,1,1,1,0.98,1.02,1.02,1.02,1.02,0.38692390084819756,2.53634351519552,2.53634351519552,1.14799968926378,1.1359873276380497,1,1,1,1,1,1,1,1,1,1,1,1,1,1,1,1,1,1,1,1,0.4028778642734252,1.1544790655039827,2.437854205301346,1.4330339583388936,2.3422520796032535,1,1,1,1,1,1,1,1,1,1,0.3791854228312336,1.133240096077018,2.5870703854994304,1.3981403034196285,2.4856166448916097,1,1,1,1,1,1,1,1,1,1
48,1,1,1,1,1,1,1,1,1,1,0.37160171437460887,2.638811793209419,2.638811793209419,1.046273483513545,0.8952080793015453,1,1,1,1,1,0.98,1.02,1.02,1.02,1.02,0.3791854228312336,2.5870703854994304,2.5870703854994304,1.1479997622367488,1.1359875398976902,1,1,1,1,1,1,1,1,1,1,1,1,1,1,1,1,1,1,1,1,0.39482030698795667,1.1544792888758695,2.4866112894073726,1.4330342829817455,2.3890971211953187,1,1,1,1,1,1,1,1,1,1,0.37160171437460887,1.133240084875422,2.638811793209419,1.3981402828841212,2.535328977789442,1,1,1,1,1,1,1,1,1,1
49,1,1,1,1,1,1,1,1,1,1,0.3641696800871167,2.6915880290736074,2.6915880290736074,1.046272319889228,0.8952058348034355,1,1,1,1,1,0.98,1.02,1.02,1.02,1.02,0.37160171437460887,2.638811793209419,2.638811793209419,1.1479997935363881,1.1359876309402468,1,1,1,1,1,1,1,1,1,1,1,1,1,1,1,1,1,1,1,1,0.38692390084819756,1.1544794918829155,2.53634351519552,1.4330345796904609,2.4368790636192252,1,1,1,1,1,1,1,1,1,1,0.3641696800871167,1.1332400915792056,2.6915880290736074,1.3981402946292043,2.586035557345231,1,1,1,1,1,1,1,1,1,1
50,1,1,1,1,1,1,1,1,1,1,0.35688628648537435,2.7454197896550796,2.7454197896550796,1.046250785196575,0.8951642985891392,1,1,1,1,1,0.98,1.02,1.02,1.02,1.02,0.3641696800871167,2.6915880290736074,2.6915880290736074,1.1479997622361984,1.1359875398960895,1,1,1,1,1,1,1,1,1,1,1,1,1,1,1,1,1,1,1,1,0.3791854228312336,1.1544794918879469,2.5870703854994304,1.4330345796902495,2.4856166448916097,1,1,1,1,1,1,1,1,1,1,0.35688628648537435,1.1332401014455522,2.7454197896550796,1.39814031325618,2.6377562684921356,1,1,1,1,1,1,1,1,1,1
51,1,1,1,1,1,1,1,1,1,1,0.34974856075566685,2.800328185448181,2.800328185448181,1.0465868520501997,0.8958128739268595,1,1,1,1,1,0.98,1.02,1.02,1.02,1.02,0.35688628648537435,2.7454197896550796,2.7454197896550796,1.1479998371405744,1.1359877577734807,1,1,1,1,1,1,1,1,1,1,1,1,1,1,1,1,1,1,1,1,0.37160171437460887,1.1544794918874366,2.638811793209419,1.4330345796902613,2.535328977789442,1,1,1,1,1,1,1,1,1,1,0.34974856075566685,1.1332401100797238,2.800328185448181,1.398140329086047,2.6905113938619785,1,1,1,1,1,1,1,1,1,1
52,1,1,1,1,1,1,1,1,1,1,0.3427535895405535,2.8563347491571447,2.8563347491571447,1.0462733904642114,0.8952078998216357,1,1,1,1,1,0.98,1.02,1.02,1.02,1.02,0.34974856075566685,2.800328185448181,2.800328185448181,1.1479996892638369,1.1359873276382149,1,1,1,1,1,1,1,1,1,1,1,1,1,1,1,1,1,1,1,1,0.3641696800871167,1.1544782175109698,2.6915880290736074,1.4330327219802337,2.586035557345231,1,1,1,1,1,1,1,1,1,1,0.3427535895405535,1.1332401057458101,2.8563347491571447,1.3981403211415424,2.744321621739218,1,1,1,1,1,1,1,1,1,1
53,1,1,1,1,1,1,1,1,1,1,0.33589851774974244,2.9134614441402875,2.9134614441402875,1.0462733874552348,0.8952078940176591,1,1,1,1,1,0.98,1.02,1.02,1.02,1.02,0.3427535895405535,2.8563347491571447,2.8563347491571447,1.147999689292798,1.1359873277224544,1,1,1,1,1,1,1,1,1,1,1,1,1,1,1,1,1,1,1,1,0.35688628648537435,1.1544791700958819,2.7454197896550796,1.4330341107605187,2.6377562684921356,1,1,1,1,1,1,1,1,1,1,0.33589851774974244,1.1332400930716091,2.9134614441402875,1.3981402979057154,2.7992080541740023,1,1,1,1,1,1,1,1,1,1
54,1,1,1,1,1,1,1,1,1,1,0.3291805473947476,2.9717306730230932,2.9717306730230932,1.046272241261255,0.8952056831389628,1,1,1,1,1,0.98,1.02,1.02,1.02,1.02,0.33589851774974244,2.9134614441402875,2.9134614441402875,1.1479997935904058,1.1359876310973698,1,1,1,1,1,1,1,1,1,1,1,1,1,1,1,1,1,1,1,1,0.34974856075566685,1.1544794918888681,2.800328185448181,1.433034579690214,2.6905113938619785,1,1,1,1,1,1,1,1,1,1,0.3291805473947476,1.133240111584235,2.9717306730230932,1.398140331850407,2.844875270974465,1,1,1,1,1,1,1,1,1,1
55,1,1,1,1,1,1,1,1,1,1,0.32259693644685267,3.031165286483555,3.031165286483555,1.0462735858855066,0.8952082767671494,1,1,1,1,1,0.98,1.02,1.02,1.02,1.02,0.3291805473947476,2.9717306730230932,2.9717306730230932,1.1479996803858203,1.1359873018143165,1,1,1,1,1,1,1,1,1,1,1,1,1,1,1,1,1,1,1,1,0.3427535895405535,1.1544792846125613,2.8563347491571447,1.4330342776533644,2.744321621739218,1,1,1,1,1,1,1,1,1,1,0.32259693644685267,1.1332400986910507,3.031165286483555,1.3981403082166222,2.8448748886728925,1,1,1,1,1,1,1,1,1,1
56,1,1,1,1,1,1,1,1,1,1,0.3161449977179156,3.091788592213226,3.091788592213226,1.046273390463849,0.8952078998209361,1,1,1,1,1,0.98,1.02,1.02,1.02,1.02,0.32259693644685267,3.031165286483555,3.031165286483555,1.147999593981841,1.1359870504869853,1,1,1,1,1,1,1,1,1,1,1,1,1,1,1,1,1,1,1,1,0.33589851774974244,1.1544794918852888,2.9134614441402875,1.4330345796903328,2.7992080541740023,1,1,1,1,1,1,1,1,1,1,0.3161449977179156,1.1332400934220002,3.091788592213226,1.3981402985495561,2.844874732297745,1,1,1,1,1,1,1,1,1,1
57,1,1,1,1,1,1,1,1,1,1,0.3098220977635573,3.1536243640574906,3.1536243640574906,1.0466506752074634,0.8959361351512473,1,1,1,1,1,0.98,1.02,1.02,1.02,1.02,0.3161449977179156,3.091788592213226,3.091788592213226,1.1479997324282791,1.1359874531924712,1,1,1,1,1,1,1,1,1,1,1,1,1,1,1,1,1,1,1,1,0.3291805473947476,1.1544765123725655,2.9717306730230932,1.4330302377424473,2.8551922152574822,1,1,1,1,1,1,1,1,1,1,0.3098220977635573,1.13324009342197,3.1536243640574906,1.3981402985495004,2.844874732296848,1,1,1,1,1,1,1,1,1,1
58,1,1,1,1,1,1,1,1,1,1,0.30362565580828615,3.2166968513386403,3.2166968513386403,1.0462960495848155,0.8952516084922048,1,1,1,1,1,0.98,1.02,1.02,1.02,1.02,0.3098220977635573,3.1536243640574906,3.1536243640574906,1.147999762279106,1.1359875400208972,1,1,1,1,1,1,1,1,1,1,1,1,1,1,1,1,1,1,1,1,0.32259693644685267,1.1544794918830155,3.031165286483555,1.4330345796904715,2.9122960595626317,1,1,1,1,1,1,1,1,1,1,0.30362565580828615,1.1332401143655828,3.2166968513386403,1.3981403369549392,2.844875353545684,1,1,1,1,1,1,1,1,1,1
59,1,1,1,1,1,1,1,1,1,1,0.2975531426921204,3.2810307883654133,3.2810307883654133,1.0462733904639958,0.8952078998212198,1,1,1,1,1,0.98,1.02,1.02,1.02,1.02,0.30362565580828615,3.2166968513386403,3.2166968513386403,1.1479996892631765,1.1359873276362942,1,1,1,1,1,1,1,1,1,1,1,1,1,1,1,1,1,1,1,1,0.3161449977179156,1.1544794527523174,3.091788592213226,1.4330345226755503,2.970541980753884,1,1,1,1,1,1,1,1,1,1,0.2975531426921204,1.1332400934219646,3.2810307883654133,1.3981402985494904,2.844874732296679,1,1,1,1,1,1,1,1,1,1
60,1,1,1,1,1,1,1,1,1,1,0.291602079838278,3.3026073653730066,3.3466514041327216,1.047883893274065,0.8983234309763178,1,1,1,1,1,0.98,1.02,1.02,1.02,1.02,0.2975531426921204,3.2810307883654133,3.2810307883654133,1.1479996892636815,1.1359873276377632,1,1,1,1,1,1,1,1,1,1,1,1,1,1,1,1,1,1,1,1,0.3098220977635573,1.1544617936732016,3.1536243640574906,1.4330087865379157,3.029952820368962,1,1,1,1,1,1,1,1,1,1,0.291602079838278,1.133240104298319,3.3466514041327216,1.3981403184940444,2.844875054921278,1,1,1,1,1,1,1,1,1,1
61,1,1,1,1,1,1,1,1,1,1,0.2857700382415124,3.301627577794925,3.413584432215376,1.0462732363504887,0.8952076025536742,1,1,1,1,1,0.98,1.02,1.02,1.02,1.02,0.291602079838278,3.3466514041327216,3.3466514041327216,1.1479997622350566,1.1359875398927686,1,1,1,1,1,1,1,1,1,1,1,1,1,1,1,1,1,1,1,1,0.3098220977635573,1.1544617936732016,3.1536243640574906,1.4330087865379157,3.029952820368962,1,1,1,1,1,1,1,1,1,1,0.2857700382415124,1.1332400934219697,3.413584432215376,1.3981402985495002,2.844874732296841,1,1,1,1,1,1,1,1,1,1
62,1,1,1,1,1,1,1,1,1,1,0.2800546374766822,3.2355950262390265,3.4818561208596837,1.025347771623479,0.8773034505026006,1,1,1,1,1,0.9603999999999999,1.0404,1.0404,1.0404,1.0404,0.291602079838278,3.3466514041327216,3.3466514041327216,1.1479997622350566,1.1359875398927686,1,1,1,1,1,1,1,1,1,1,1,1,1,1,1,1,1,1,1,1,0.30362565580828615,1.1313725577997376,3.2166968513386403,1.4043486108071574,2.9693537639615823,1,1,1,1,1,1,1,1,1,1,0.2800546374766822,1.1105752915535303,3.4818561208596837,1.3701774925785102,2.787977237650904,1,1,1,1,1,1,1,1,1,1
63,1,1,1,1,1,1,1,1,1,1,0.27445354472714856,3.300306926763807,3.5514932432768775,1.0458547270559484,0.8948495195126527,1,1,1,1,1,0.9603999999999999,1.0404,1.0404,1.0404,1.0404,0.2857700382415124,3.3694729632685583,3.413584432215376,1.1479996028640496,1.1359870763232593,1,1,1,1,1,1,1,1,1,1,1,1,1,1,1,1,1,1,1,1,0.2975531426921204,1.1540000089557323,3.2810307883654133,1.4324355830233007,3.028740839240814,1,1,1,1,1,1,1,1,1,1,0.27445354472714856,1.1327867973846009,3.5514932432768775,1.3975810424300803,2.843736782403922,1,1,1,1,1,1,1,1,1,1
64,1,1,1,1,1,1,1,1,1,1,0.2689644738326056,3.301627677180569,3.622523108142415,1.0462733998578213,0.8952079179408482,1,1,1,1,1,0.9603999999999999,1.0404,1.0404,1.0404,1.0404,0.2800546374766822,3.369472870655833,3.4818561208596837,1.1479996892637845,1.1359873276380623,1,1,1,1,1,1,1,1,1,1,1,1,1,1,1,1,1,1,1,1,0.291602079838278,1.1544794918836783,3.3466514041327216,1.4330345796904331,3.0893156560256303,1,1,1,1,1,1,1,1,1,1,0.2689644738326056,1.1332400934178712,3.622523108142415,1.3981402985419629,2.844874732174917,1,1,1,1,1,1,1,1,1,1
65,1,1,1,1,1,1,1,1,1,1,0.26358518435595346,3.3016275274224,3.6949735703052635,1.04627315341766,0.895207442585618,1,1,1,1,1,0.9603999999999999,1.0404,1.0404,1.0404,1.0404,0.27445354472714856,3.369472870812587,3.5514932432768775,1.1479996894777362,1.1359873282603874,1,1,1,1,1,1,1,1,1,1,1,1,1,1,1,1,1,1,1,1,0.2857700382415124,1.1543452140436634,3.413584432215376,1.4328387601437045,3.151101969146143,1,1,1,1,1,1,1,1,1,1,0.26358518435595346,1.133240125998222,3.6949735703052635,1.398140358286366,2.8448756986034347,1,1,1,1,1,1,1,1,1,1
66,1,1,1,1,1,1,1,1,1,1,0.25831348066883436,3.3016011950846402,3.7688730417113687,1.0462458624224495,0.8951548039727705,1,1,1,1,1,0.9603999999999999,1.0404,1.0404,1.0404,1.0404,0.2689644738326056,3.3694729804106287,3.622523108142415,1.147999626274858,1.1359871444182017,1,1,1,1,1,1,1,1,1,1,1,1,1,1,1,1,1,1,1,1,0.2800546374766822,1.1546484271575606,3.4818561208596837,1.4332839785174298,3.214124008529066,1,1,1,1,1,1,1,1,1,1,0.25831348066883436,1.1332438245256375,3.7688730417113687,1.398147000075427,2.8449831408168906,1,1,1,1,1,1,1,1,1,1
67,1,1,1,1,1,1,1,1,1,1,0.2531472110554577,3.301985591279598,3.844250502545596,1.0468714836686916,0.8963628002340053,1,1,1,1,1,0.9411919999999999,1.061208,1.061208,1.019592,1.019592,0.26358518435595346,3.4368624400188414,3.6949735703052635,1.170959618800355,1.1587068873065658,1,1,1,1,1,1,1,1,1,1,1,1,1,1,1,1,1,1,1,1,0.27445354472714856,1.1315554586144094,3.5514932432768775,1.4046182989470812,3.1498415283584844,1,1,1,1,1,1,1,1,1,1,0.2531472110554577,1.1105789480351247,3.844250502545596,1.3701840600739184,2.788083478000553,1,1,1,1,1,1,1,1,1,1
68,1,1,1,1,1,1,1,1,1,1,0.24808426683434853,3.2359458794540057,3.921135512596508,1.025934053995318,0.8784355442293251,1,1,1,1,1,0.9223681599999999,1.08243216,1.08243216,1.03998384,1.03998384,0.26358518435595346,3.4368624400188414,3.6949735703052635,1.170959618800355,1.1587068873065658,1,1,1,1,1,1,1,1,1,1,1,1,1,1,1,1,1,1,1,1,0.2689644738326056,1.1089243494421213,3.622523108142415,1.3765259329681396,3.0868446977913147,1,1,1,1,1,1,1,1,1,1,0.24808426683434853,1.0883673690744222,3.921135512596508,1.34278037887244,2.732321808440542,1,1,1,1,1,1,1,1,1,1
69,1,1,1,1,1,1,1,1,1,1,0.24312258149766156,3.300664797043086,3.9995582228484383,1.0464527350752242,0.8960042551139117,1,1,1,1,1,0.9039207967999998,1.1040808032,1.1040808032,1.0191841632,1.0191841632,0.25831348066883436,3.5055996888192182,3.7688730417113687,1.1943788111763622,1.1818810250526972,1,1,1,1,1,1,1,1,1,1,1,1,1,1,1,1,1,1,1,1,0.26358518435595346,1.0867458624532789,3.6949735703052635,1.3489954143087768,3.025107803835488,1,1,1,1,1,1,1,1,1,1,0.24312258149766156,1.0666000216929337,3.9995582228484383,1.315924771294991,2.677675372271731,1,1,1,1,1,1,1,1,1,1
70,1,1,1,1,1,1,1,1,1,1,0.2382601298677083,3.3016288446906894,4.079549387305407,1.0462753066216945,0.8952115958857289,1,1,1,1,1,0.8858423808639998,1.126162419264,1.126162419264,0.9988004799360001,0.9988004799360001,0.2531472110554577,3.506243665534979,3.844250502545596,1.2182663873998896,1.2055186455537512,1,1,1,1,1,1,1,1,1,1,1,1,1,1,1,1,1,1,1,1,0.25831348066883436,1.0715976252032378,3.7688730417113687,1.3220155060226013,2.9646056477587783,1,1,1,1,1,1,1,1,1,1,0.2382601298677083,1.045268021259075,4.079549387305407,1.2896062758690912,2.6241218648262965,1,1,1,1,1,1,1,1,1,1
71,1,1,1,1,1,1,1,1,1,1,0.23349492727035415,3.3023594401666956,4.161140375051516,1.0474767246601937,0.8975340458383139,1,1,1,1,1,0.8681255332467198,1.14868566764928,1.14868566764928,0.97882447033728,0.97882447033728,0.24808426683434853,3.505703371519102,3.921135512596508,1.2426317151478874,1.2296290184648262,1,1,1,1,1,1,1,1,1,1,1,1,1,1,1,1,1,1,1,1,0.25831348066883436,1.0715976252032378,3.7688730417113687,1.3220155060226013,2.9646056477587783,1,1,1,1,1,1,1,1,1,1,0.23349492727035415,1.0243626608338936,4.161140375051516,1.2638141503517093,2.5716394275297705,1,1,1,1,1,1,1,1,1,1
72,1,1,1,1,1,1,1,1,1,1,0.22882502872494706,3.302359253732105,4.244363182552546,1.0474764248411177,0.8975334650017184,1,1,1,1,1,0.8507630225817854,1.1716593810022657,1.1716593810022657,0.9592479809305344,0.9592479809305344,0.24312258149766156,3.5051641421845536,3.9995582228484383,1.2674843494508452,1.2542215988341228,1,1,1,1,1,1,1,1,1,1,1,1,1,1,1,1,1,1,1,1,0.2531472110554577,1.0630294175116821,3.844250502545596,1.2955751959021493,2.9053135348036028,1,1,1,1,1,1,1,1,1,1,0.22882502872494706,1.0109483138872357,4.244363182552546,1.2385378673446752,2.520206638979175,1,1,1,1,1,1,1,1,1,1
73,1,1,1,1,1,1,1,1,1,1,0.22424852815044813,3.3023593201101438,4.329250446203598,1.0474765271503739,0.8975336632044503,1,1,1,1,1,0.8337477621301497,1.195092568622311,1.195092568622311,0.9400630213119238,0.9400630213119238,0.2382601298677083,3.504594170568036,4.079549387305407,1.292834036439862,1.2793060308108053,1,1,1,1,1,1,1,1,1,1,1,1,1,1,1,1,1,1,1,1,0.24808426683434853,1.0595844765083082,3.921135512596508,1.2696636919841062,2.8472072641075306,1,1,1,1,1,1,1,1,1,1,0.22424852815044813,1.0102342787691052,4.2845877504596555,1.2137671099977816,2.469802506199591,1,1,1,1,1,1,1,1,1,1
74,1,1,1,1,1,1,1,1,1,1,0.21976355758743915,3.3023521324573357,4.415835455127669,1.0474739853752744,0.8975287390739122,1,1,1,1,1,0.8170728068875467,1.2189944199947573,1.2189944199947573,0.9212617608856852,0.9212617608856852,0.23349492727035415,3.5038951800290934,4.161140375051516,1.2987254860189865,1.3048921514270215,1,1,1,1,1,1,1,1,1,1,1,1,1,1,1,1,1,1,1,1,0.24312258149766156,1.0574651661832648,3.9995582228484383,1.2442704181444242,2.7902631188253797,1,1,1,1,1,1,1,1,1,1,0.21976355758743915,1.0097813669900266,4.198895995450462,1.1894917677978258,2.4204064560755993,1,1,1,1,1,1,1,1,1,1
75,1,1,1,1,1,1,1,1,1,1,0.21536828643569036,3.3023594306612294,4.504152164230223,1.0474767087730583,0.8975340150603197,1,1,1,1,1,0.8007313507497957,1.2433743083946525,1.2433743083946525,0.9028365256679715,0.9028365256679715,0.22882502872494706,3.5028555884387123,4.244363182552546,1.2977882727936318,1.3309899944555619,1,1,1,1,1,1,1,1,1,1,1,1,1,1,1,1,1,1,1,1,0.2382601298677083,1.0566325699844368,4.079549387305407,1.2193850097815357,2.734457856448872,1,1,1,1,1,1,1,1,1,1,0.21536828643569036,1.0096152515495578,4.1149180755414525,1.1657019324418694,2.3719983269540874,1,1,1,1,1,1,1,1,1,1
76,1,1,1,1,1,1,1,1,1,1,0.21106092070697655,3.302352084191037,4.594235207514827,1.047473870576815,0.897528516678416,1,1,1,1,1,0.7847167237347998,1.2682417945625455,1.2682417945625455,0.884779795154612,0.884779795154612,0.22424852815044813,3.5017339940243097,4.329250446203598,1.2967742196408836,1.3576097943446732,1,1,1,1,1,1,1,1,1,1,1,1,1,1,1,1,1,1,1,1,0.23349492727035415,1.055837216507703,4.161140375051516,1.194997309585905,2.6797686993198946,1,1,1,1,1,1,1,1,1,1,0.21106092070697655,1.009456338902606,4.0326197140306235,1.142387893793032,2.3245583604150055,1,1,1,1,1,1,1,1,1,1
77,1,1,1,1,1,1,1,1,1,1,0.20683970229283702,3.3023623562928193,4.6861199116651235,1.0474815152070815,0.8975433265979141,1,1,1,1,1,0.7690223892601038,1.2936066304537963,1.2936066304537963,0.8670841992515198,0.8670841992515198,0.21976355758743915,3.500633228983197,4.415835455127669,1.295774796656358,1.3847619902315667,1,1,1,1,1,1,1,1,1,1,1,1,1,1,1,1,1,1,1,1,0.22882502872494706,1.055039670102318,4.244363182552546,1.1753714536280526,2.6261733253334967,1,1,1,1,1,1,1,1,1,1,0.20683970229283702,1.009295828984323,3.951967319750011,1.1195401359171715,2.2780671932067054,1,1,1,1,1,1,1,1,1,1
78,1,1,1,1,1,1,1,1,1,1,0.20270290824698028,3.302351934985824,4.779842309898426,1.0474736257695867,0.8975280424203561,1,1,1,1,1,0.7536419414749017,1.3194787630628724,1.3194787630628724,0.8497425152664894,0.8497425152664894,0.21536828643569036,3.499519836625404,4.504152164230223,1.294760892390644,1.412457230036198,1,1,1,1,1,1,1,1,1,1,1,1,1,1,1,1,1,1,1,1,0.22424852815044813,1.0542599824226544,4.159475918901495,1.1721390853404499,2.5736498588268266,1,1,1,1,1,1,1,1,1,1,0.20270290824698028,1.0091364382509307,3.872927973355011,1.097149333198828,2.232505849342571,1,1,1,1,1,1,1,1,1,1
79,1,1,1,1,1,1,1,1,1,1,0.19864885008204067,3.3019856245950203,4.875439156096395,1.046871542489276,0.8963629139385866,1,1,1,1,1,0.7385691026454037,1.3458683383241299,1.3458683383241299,0.8667373655718191,0.8667373655718191,0.21536828643569036,3.499519836625404,4.504152164230223,1.294760892390644,1.412457230036198,1,1,1,1,1,1,1,1,1,1,1,1,1,1,1,1,1,1,1,1,0.21976355758743915,1.0331747827742013,4.232192919292988,1.1486963036336408,2.52217686165029,1,1,1,1,1,1,1,1,1,1,0.20270290824698028,1.0091364382509307,3.872927973355011,1.097149333198828,2.232505849342571,1,1,1,1,1,1,1,1,1,1
80,1,1,1,1,1,1,1,1,1,1,0.19467587308039985,3.3023613989637965,4.972947939218323,1.0474799466026148,0.897540287710785,1,1,1,1,1,0.7237977205924956,1.3727857050906125,1.3727857050906125,0.8494026182603828,0.8494026182603828,0.21106092070697655,3.4990124898297195,4.594235207514827,1.2942972233689458,1.440706374636922,1,1,1,1,1,1,1,1,1,1,1,1,1,1,1,1,1,1,1,1,0.21536828643569036,1.0535184601853969,4.316836777678848,1.1690425293300282,2.4717333244172845,1,1,1,1,1,1,1,1,1,1,0.19864885008204067,1.0089706383572095,3.795469413887911,1.0752063465348514,2.1878557323557195,1,1,1,1,1,1,1,1,1,1
81,1,1,1,1,1,1,1,1,1,1,0.19078235561879187,3.302360885150693,5.07240689800269,1.0474790977237782,0.8975386431718076,1,1,1,1,1,0.7093217661806457,1.4002414191924248,1.4002414191924248,0.8324145658951752,0.8324145658951752,0.20683970229283702,3.4980437024700306,4.6861199116651235,1.2934102941060488,1.4695205021296605,1,1,1,1,1,1,1,1,1,1,1,1,1,1,1,1,1,1,1,1,0.21106092070697655,1.0576974602860252,4.2305000421252705,1.1862097519212356,2.422298657928939,1,1,1,1,1,1,1,1,1,1,0.19467587308039985,1.0099577477661787,3.7195600256101526,1.0537022196041543,2.144098617708605,1,1,1,1,1,1,1,1,1,1
82,1,1,1,1,1,1,1,1,1,1,0.18696670850641603,3.302359430096194,5.1738550359627435,1.047476707858116,0.89753401328781,1,1,1,1,1,0.6951353308570327,1.4282462475762734,1.4282462475762734,0.8157662745772717,0.8157662745772717,0.20270290824698028,3.4968042261414234,4.779842309898426,1.2922714859792714,1.4989109121722537,1,1,1,1,1,1,1,1,1,1,1,1,1,1,1,1,1,1,1,1,0.20683970229283702,1.0520227720846684,4.315110042967776,1.162729615168733,2.3738526847703603,1,1,1,1,1,1,1,1,1,1,0.19078235561879187,1.0086598634463426,3.6451688250979495,1.0326281752120712,2.101216645354433,1,1,1,1,1,1,1,1,1,1
83,1,1,1,1,1,1,1,1,1,1,0.18322737433628772,3.3016108210544894,5.2773321366819985,1.0462549051806844,0.8951722449797008,1,1,1,1,1,0.6812326242398921,1.4568111725277988,1.4568111725277988,0.8124437318714599,0.7994509490857262,0.19864885008204067,3.495686290669883,4.875439156096395,1.2912407391961351,1.5288891304156988,1,1,1,1,1,1,1,1,1,1,1,1,1,1,1,1,1,1,1,1,0.20270290824698028,1.0512272241911294,4.4014122438271315,1.1593436239673984,2.326375631074953,1,1,1,1,1,1,1,1,1,1,0.18696670850641603,1.0084881767957086,3.5722654485959904,1.0119756117078298,2.0591923124473444,1,1,1,1,1,1,1,1,1,1
84,1,1,1,1,1,1,1,1,1,1,0.17956282684956196,3.3023519725366124,5.3828787794156385,1.0474736870862684,0.8975281612076076,1,1,1,1,1,0.6676079717550942,1.485947395978355,1.485947395978355,0.8108716095694223,0.7834619301040117,0.19467587308039985,3.494567505881747,4.972947939218323,1.2902051461774762,1.5594669130240129,1,1,1,1,1,1,1,1,1,1,1,1,1,1,1,1,1,1,1,1,0.19864885008204067,1.0504901749929756,4.489440488703674,1.1561759399654887,2.2798481184534536,1,1,1,1,1,1,1,1,1,1,0.18322737433628772,1.0083316791239245,3.5008201396240706,0.9917360994736731,2.0180084661983972,1,1,1,1,1,1,1,1,1,1
85,1,1,1,1,1,1,1,1,1,1,0.1759715703125707,3.3042775717965065,5.490536355003951,1.0506201251987362,0.9036585527195717,1,1,1,1,1,0.6542558123199923,1.515666343897922,1.515666343897922,0.809279813124287,0.7677926915019314,0.19078235561879187,3.493427954758888,5.07240689800269,1.2891461740677423,1.590656251284493,1,1,1,1,1,1,1,1,1,1,1,1,1,1,1,1,1,1,1,1,0.19467587308039985,1.0497616912836556,4.579229298477748,1.1530148482057458,2.2342511560843845,1,1,1,1,1,1,1,1,1,1,0.17956282684956196,1.0081748543818716,3.430803736831589,0.9719013774841997,1.9776482968744293,1,1,1,1,1,1,1,1,1,1
86,1,1,1,1,1,1,1,1,1,1,0.1724521389063193,3.3023594393357434,5.380725627903872,1.0474767102547,0.8975340179306898,1,1,1,1,1,0.6411706960735924,1.5459796707758806,1.5459796707758806,0.8076771465237308,0.7524368376718927,0.18696670850641603,3.492282357642104,5.1738550359627435,1.2880779568382248,1.622469376310183,1,1,1,1,1,1,1,1,1,1,1,1,1,1,1,1,1,1,1,1,0.19078235561879187,1.0490451771726963,4.670813884447303,1.1498929407182117,2.189566132962697,1,1,1,1,1,1,1,1,1,1,0.1759715703125707,1.0080194240325182,3.362187662094957,0.9524633499345156,1.9380953309369406,1,1,1,1,1,1,1,1,1,1
87,1,1,1,1,1,1,1,1,1,1,0.16900309612819292,3.302359432221615,5.48834014046195,1.047476709791377,0.8975340170330989,1,1,1,1,1,0.6283472821521205,1.5768992641913981,1.5768992641913981,0.8060634764126049,0.7373881009184549,0.18322737433628772,3.491138701167759,5.2773321366819985,1.2870076004379323,1.6549187638363867,1,1,1,1,1,1,1,1,1,1,1,1,1,1,1,1,1,1,1,1,0.18696670850641603,1.0483376735758827,4.764230162136249,1.1467896658011238,2.145774810303443,1,1,1,1,1,1,1,1,1,1,0.1724521389063193,1.0078646359475592,3.294943908853058,0.9334140829358253,1.8993334243182018,1,1,1,1,1,1,1,1,1,1
88,1,1,1,1,1,1,1,1,1,1,0.16562303420562907,3.3023607903288204,5.598106943271189,1.04747894242653,0.8975383423130644,1,1,1,1,1,0.6157803365090782,1.6084372494752261,1.6084372494752261,0.8044383066981788,0.7226403389000857,0.17956282684956196,3.489991155613036,5.3828787794156385,1.2859296279790693,1.6880171391131145,1,1,1,1,1,1,1,1,1,1,1,1,1,1,1,1,1,1,1,1,0.18322737433628772,1.047640281444904,4.859514765378974,1.1437106114934827,2.102859314097374,1,1,1,1,1,1,1,1,1,1,0.16900309612819292,1.0077103819617974,3.229045030675997,0.9317842552222303,1.8613467558318377,1,1,1,1,1,1,1,1,1,1
89,1,1,1,1,1,1,1,1,1,1,0.16231057352151648,3.3023516946792224,5.710069082136613,1.0474732125963233,0.8975272419935443,1,1,1,1,1,0.6034647297788965,1.6406059944647307,1.6406059944647307,0.8028047931219496,0.708187532122084,0.1759715703125707,3.4888588585180016,5.490536355003951,1.2848623627629452,1.7148175228348261,1,1,1,1,1,1,1,1,1,1,1,1,1,1,1,1,1,1,1,1,0.17956282684956196,1.046933317073854,4.956705060686554,1.1405688214317968,2.0608021278154265,1,1,1,1,1,1,1,1,1,1,0.16562303420562907,1.0075528085335668,3.164464130062477,0.9308182368672985,1.824119820715201,1,1,1,1,1,1,1,1,1,1
90,1,1,1,1,1,1,1,1,1,1,0.15906436205108615,3.3016203480767765,5.824270463779345,1.0462705833306327,0.895202485205504,1,1,1,1,1,0.5913954351833186,1.6734181143540252,1.6734181143540252,0.8016524832164157,0.6940237814796423,0.1724521389063193,3.4880146175133024,5.60034708210403,1.2840638610518749,1.7099090498619856,1,1,1,1,1,1,1,1,1,1,1,1,1,1,1,1,1,1,1,1,0.1759715703125707,1.0462419099313027,5.055839161900285,1.1374848740238561,2.019586085259118,1,1,1,1,1,1,1,1,1,1,0.16231057352151648,1.0073882221582906,3.1011748474612273,0.929806910531592,1.787637424300897,1,1,1,1,1,1,1,1,1,1
91,1,1,1,1,1,1,1,1,1,1,0.15588307481006441,3.235587941115241,5.940755873054932,1.02534517166402,0.877298435501394,1,1,1,1,1,0.5795675264796523,1.7068864766411058,1.6399497520669446,0.817685532880744,0.7079042571092351,0.1724521389063193,3.4880146175133024,5.60034708210403,1.2840638610518749,1.7099090498619856,1,1,1,1,1,1,1,1,1,1,1,1,1,1,1,1,1,1,1,1,0.1724521389063193,1.0253170717326767,5.156955945138291,1.114735176543379,1.9791943635539355,1,1,1,1,1,1,1,1,1,1,0.15906436205108615,0.9915681476708208,3.098635171559609,0.9112107723209601,1.751884675814879,1,1,1,1,1,1,1,1,1,1
92,1,1,1,1,1,1,1,1,1,1,0.15276541331386312,3.300299699937546,6.05957099051603,1.0458520750973004,0.8948444042114219,1,1,1,1,1,0.5679761759500592,1.741024206173928,1.6727487471082836,0.8090567690997561,0.6937461719670504,0.16900309612819292,3.4932010857177174,5.712354023746111,1.2889352570804473,1.740269389632457,1,1,1,1,1,1,1,1,1,1,1,1,1,1,1,1,1,1,1,1,0.16900309612819292,1.0435272879953776,5.260095064041057,1.1251411189850444,1.9396104762828568,1,1,1,1,1,1,1,1,1,1,0.15588307481006441,1.0065206348076066,3.0366624681284167,0.9244406138083241,1.7168469822985812,1,1,1,1,1,1,1,1,1,1
93,1,1,1,1,1,1,1,1,1,1,0.14971010504758586,3.301874922352045,6.18076241032635,1.0466580172079003,0.8959503165273326,1,1,1,1,1,0.5566166524310581,1.7758446902974065,1.6392937721661178,0.8252379044817513,0.7076210954063914,0.16900309612819292,3.4932010857177174,5.712354023746111,1.2889352570804473,1.740269389632457,1,1,1,1,1,1,1,1,1,1,1,1,1,1,1,1,1,1,1,1,0.16562303420562907,1.02265674223547,5.154893162760235,1.1026382966053436,1.9008182667571996,1,1,1,1,1,1,1,1,1,1,0.15588307481006441,1.0065206348076066,3.0366624681284167,0.9244406138083241,1.7168469822985812,1,1,1,1,1,1,1,1,1,1
94,1,1,1,1,1,1,1,1,1,1,0.14671590294663414,3.302359284866515,6.304377658532878,1.0474766664169972,0.8975339330043387,1,1,1,1,1,0.5454843193824369,1.8113615841033548,1.6720796476094402,0.8132460725026204,0.6934686734982636,0.16562303420562907,3.496229623995024,5.826601104221034,1.2917420200540788,1.758224129167564,1,1,1,1,1,1,1,1,1,1,1,1,1,1,1,1,1,1,1,1,0.16231057352151648,1.0431098770801794,5.25799102601544,1.1246910625374504,1.8628019014220556,1,1,1,1,1,1,1,1,1,1,0.15276541331386312,1.0064796269560907,2.9759292187658484,0.9241806985239168,1.6825100426526096,1,1,1,1,1,1,1,1,1,1
95,1,1,1,1,1,1,1,1,1,1,0.14378158488770146,3.3023538215926402,6.17829010536222,1.0474674914846136,0.8975161587932179,1,1,1,1,1,0.5345746329947881,1.847588815785422,1.705521240561629,0.8127207680715289,0.6795993000282983,0.16231057352151648,3.4958399428414046,5.9431331263054545,1.2913823647172467,1.7559040843695288,1,1,1,1,1,1,1,1,1,1,1,1,1,1,1,1,1,1,1,1,0.15906436205108615,1.042956460086404,5.363150846535749,1.1225080077196945,1.8255458633936144,1,1,1,1,1,1,1,1,1,1,0.14971010504758586,1.0063003286269527,2.916410634390531,0.9230704132987582,1.6488598417995575,1,1,1,1,1,1,1,1,1,1
96,1,1,1,1,1,1,1,1,1,1,0.14090595318994742,3.236306745160787,6.301855907469465,1.0265181416549214,0.8795658356173535,1,1,1,1,1,0.5345746329947881,1.847588815785422,1.705521240561629,0.8127207680715289,0.6795993000282983,0.15906436205108615,3.4259231439845763,5.824270463779345,1.2655547174229016,1.7207860026821382,1,1,1,1,1,1,1,1,1,1,1,1,1,1,1,1,1,1,1,1,0.15588307481006441,1.022097330884676,5.255887829605034,1.1000578475653007,1.789034946125742,1,1,1,1,1,1,1,1,1,1,0.14971010504758586,1.0063003286269527,2.916410634390531,0.9230704132987582,1.6488598417995575,1,1,1,1,1,1,1,1,1,1
